titolo,immagini
ANELLI E DISCHI FRENO,IMG_2481|IMG_2482|IMG_2483|IMG_2484|IMG_2485|IMG_2486|IMG_2487|IMG_2488|IMG_2489|IMG_2490|IMG_2491|IMG_2492|IMG_2493|IMG_2494|IMG_2495|IMG_2496|IMG_2497|IMG_2498|IMG_2499|IMG_2578|IMG_2579|IMG_2580|IMG_2581|IMG_3066|IMG_3067|IMG_3068|IMG_3069|IMG_3070|IMG_3071|IMG_3072|IMG_3073|IMG_3074|IMG_3075|IMG_3076|IMG_3077
ARTICOLI INDUSTRIALI,IMG_2518|IMG_2519|IMG_2520|IMG_2521|IMG_2522|IMG_2523|IMG_2524|IMG_2525|IMG_2526|IMG_2527|IMG_2528|IMG_2529|IMG_2530|IMG_2531|IMG_2532|IMG_2533|IMG_2534|IMG_2535|IMG_2536|IMG_2537|IMG_2538|IMG_2539|IMG_2540|IMG_2541|IMG_2542|IMG_2543|IMG_2544|IMG_2545|IMG_2546|IMG_2547|IMG_2548|IMG_2549|IMG_2550|IMG_2551|IMG_2552|IMG_2553|IMG_2554
CEPPI FRENO DRILLING,
CEPPI FRENO PER BATTIPALO E TRIVELLAZIONI,IMG_2574|IMG_2575|IMG_2576
FRENI CENTRIFUGHI,IMG_49|IMG_50|IMG_51|IMG_52
UNITA' ABBINATE FRENO FRIZIONI,IMG_3139|IMG_3140|IMG_3141|IMG_3142
LASTRE RIGIDE,IMG_3147|IMG_3148|IMG_3149|IMG_3150|IMG_3151|IMG_3152|IMG_3153|IMG_3154|IMG_3155|IMG_3156|IMG_3157
NASTRI IN ROTOLO,IMG_3036|IMG_3037|IMG_3038|IMG_3039|IMG_3040|IMG_3041|IMG_3042|IMG_3043|IMG_3044|IMG_3045|IMG_3046|IMG_3047|IMG_3048|IMG_3049|IMG_3050|IMG_3051|IMG_3052|IMG_3053|IMG_3054|IMG_3055|IMG_3056|IMG_3057|IMG_3058|IMG_3059|IMG_3060|IMG_3061|IMG_3062|IMG_3063|IMG_3064|IMG_3065
ARTICOLI PER STAMPAGGIO,IMG_2500|IMG_2501|IMG_2502|IMG_2503|IMG_2504|IMG_2505|IMG_2506|IMG_2507|IMG_2508|IMG_2509|IMG_2510|IMG_2511|IMG_2512|IMG_2513|IMG_2514|IMG_2515|IMG_2516|IMG_2517|IMG_3078|IMG_3079|IMG_3080|IMG_3081|IMG_3082|IMG_3083|IMG_3084|IMG_3085|IMG_3086|IMG_3087|IMG_3088|IMG_3089|IMG_3090|IMG_3091|IMG_3092|IMG_3093|IMG_3094|IMG_3095|IMG_3096|IMG_3097|IMG_3098
FRENI A PINZA,IMG_2559|IMG_2560|IMG_2561|IMG_2562|IMG_2563|IMG_2564|IMG_2565|IMG_2566|IMG_2567|IMG_2568|IMG_2569|IMG_2570|IMG_2571|IMG_2572|IMG_2573|IMG_3104|IMG_3105|IMG_3106|IMG_3107|IMG_3108|IMG_3109|IMG_3110|IMG_3111|IMG_3112|IMG_3113|IMG_3114|IMG_3115|IMG_3116|IMG_3117|IMG_3118|IMG_3119|IMG_3120|IMG_3121|IMG_3122|IMG_3123|IMG_3124|IMG_3125|IMG_3126|IMG_3127|IMG_3128|IMG_3129|IMG_3130|IMG_3131|IMG_3132|IMG_3133|IMG_3134|IMG_3135|IMG_3136|IMG_3137|IMG_3138