titolo,pdf
ANELLI E DISCHI FRENO,MI00601|MI00301|MI00201|MI00704|MI00501|MI00604
ARTICOLI INDUSTRIALI,MI00601|MI00201|MI00301|MI00302|MI00401|MI00501|MI 00 801|MI00704|MI00950
CEPPI FRENO DRILLING,SWR
CEPPI FRENO PER BATTIPALO E TRIVELLAZIONI,SWR
FRENI CENTRIFUGHI,
UNITA' ABBINATE FRENO FRIZIONI,GRUPPO ABBINATO FRENO FRIZIONE
LASTRE RIGIDE,MI00601|MI00201|MI00301|MI00302|MI00401|MI00501|MI 00 801|MI00704|MI00950
NASTRI IN ROTOLO,TAM01|SWR|RCI21|RCI10
ARTICOLI PER STAMPAGGIO,MI00201|MI00305|MI00501|MI00301
FRENI A PINZA,PINZE MANUALI|PINZE IDRAULICHE|PINZE PNEUMATICHE
